CREATE DATABASE  IF NOT EXISTS `grace_college` /*!40100 DEFAULT CHARACTER SET utf8mb4 COLLATE utf8mb4_0900_ai_ci */ /*!80016 DEFAULT ENCRYPTION='N' */;
USE `grace_college`;
-- MySQL dump 10.13  Distrib 8.0.45, for Win64 (x86_64)
--
-- Host: localhost    Database: grace_college
-- ------------------------------------------------------
-- Server version	8.0.45

/*!40101 SET @OLD_CHARACTER_SET_CLIENT=@@CHARACTER_SET_CLIENT */;
/*!40101 SET @OLD_CHARACTER_SET_RESULTS=@@CHARACTER_SET_RESULTS */;
/*!40101 SET @OLD_COLLATION_CONNECTION=@@COLLATION_CONNECTION */;
/*!50503 SET NAMES utf8 */;
/*!40103 SET @OLD_TIME_ZONE=@@TIME_ZONE */;
/*!40103 SET TIME_ZONE='+00:00' */;
/*!40014 SET @OLD_UNIQUE_CHECKS=@@UNIQUE_CHECKS, UNIQUE_CHECKS=0 */;
/*!40014 SET @OLD_FOREIGN_KEY_CHECKS=@@FOREIGN_KEY_CHECKS, FOREIGN_KEY_CHECKS=0 */;
/*!40101 SET @OLD_SQL_MODE=@@SQL_MODE, SQL_MODE='NO_AUTO_VALUE_ON_ZERO' */;
/*!40111 SET @OLD_SQL_NOTES=@@SQL_NOTES, SQL_NOTES=0 */;

--
-- Table structure for table `results`
--

DROP TABLE IF EXISTS `results`;
/*!40101 SET @saved_cs_client     = @@character_set_client */;
/*!50503 SET character_set_client = utf8mb4 */;
CREATE TABLE `results` (
  `score_id` int NOT NULL AUTO_INCREMENT,
  `student_id` int DEFAULT NULL,
  `subject_id` int DEFAULT NULL,
  `test_score` int DEFAULT NULL,
  `exam_score` int DEFAULT NULL,
  `total_score` int DEFAULT NULL,
  PRIMARY KEY (`score_id`),
  KEY `student_id` (`student_id`),
  KEY `subject_id` (`subject_id`),
  CONSTRAINT `results_ibfk_1` FOREIGN KEY (`student_id`) REFERENCES `students` (`student_id`),
  CONSTRAINT `results_ibfk_2` FOREIGN KEY (`subject_id`) REFERENCES `subjects` (`subject_id`)
) ENGINE=InnoDB AUTO_INCREMENT=2048 DEFAULT CHARSET=utf8mb4 COLLATE=utf8mb4_0900_ai_ci;
/*!40101 SET character_set_client = @saved_cs_client */;

--
-- Dumping data for table `results`
--

LOCK TABLES `results` WRITE;
/*!40000 ALTER TABLE `results` DISABLE KEYS */;
INSERT INTO `results` VALUES (1,77,1,28,28,59),(2,75,1,14,20,32),(3,74,1,30,21,49),(4,73,1,35,56,14),(5,72,1,8,18,74),(6,71,1,13,51,39),(7,70,1,39,14,58),(8,69,1,39,29,49),(9,68,1,16,46,61),(10,67,1,16,9,47),(11,66,1,9,0,57),(12,65,1,20,23,67),(13,64,1,0,31,28),(14,63,1,1,49,48),(15,62,1,7,23,40),(16,61,1,13,15,55),(17,60,1,28,20,77),(18,59,1,30,1,61),(19,58,1,17,50,95),(20,57,1,7,58,48),(21,56,1,3,41,29),(22,55,1,36,11,57),(23,54,1,0,46,70),(24,53,1,32,5,10),(25,52,1,15,31,62),(26,51,1,12,21,87),(27,50,1,8,18,77),(28,49,1,23,50,58),(29,48,1,4,32,73),(30,47,1,0,4,37),(31,46,1,1,57,36),(32,45,1,7,21,12),(33,44,1,24,47,16),(34,43,1,29,59,70),(35,42,1,8,3,30),(36,41,1,15,44,36),(37,40,1,34,26,27),(38,39,1,1,9,85),(39,38,1,28,37,99),(40,37,1,3,28,47),(41,36,1,31,29,12),(42,35,1,13,13,57),(43,34,1,2,39,31),(44,33,1,3,4,7),(45,32,1,11,8,85),(46,31,1,26,43,83),(47,30,1,39,54,51),(48,29,1,12,9,45),(49,28,1,38,14,21),(50,27,1,22,23,19),(51,26,1,40,31,48),(52,25,1,9,57,28),(53,24,1,40,41,76),(54,23,1,30,42,37),(55,22,1,7,39,65),(56,21,1,34,28,72),(57,20,1,31,58,50),(58,19,1,5,5,12),(59,18,1,22,13,55),(60,17,1,29,46,29),(61,16,1,7,49,24),(62,15,1,35,3,56),(63,14,1,2,57,66),(64,13,1,10,58,20),(65,12,1,20,32,26),(66,11,1,1,13,52),(67,10,1,8,21,42),(68,9,1,26,24,20),(69,8,1,1,24,57),(70,7,1,38,39,35),(71,6,1,3,32,55),(72,5,1,31,59,81),(73,4,1,2,26,42),(74,3,1,19,17,18),(75,2,1,15,58,63),(76,1,1,35,33,22),(77,77,2,30,58,64),(78,75,2,2,7,78),(79,74,2,19,28,48),(80,73,2,7,22,33),(81,72,2,35,15,61),(82,71,2,34,31,55),(83,70,2,1,35,51),(84,69,2,5,41,15),(85,68,2,39,9,36),(86,67,2,14,46,51),(87,66,2,26,10,95),(88,65,2,5,49,76),(89,64,2,7,25,59),(90,63,2,11,36,58),(91,62,2,40,20,68),(92,61,2,39,57,34),(93,60,2,40,43,29),(94,59,2,14,34,49),(95,58,2,1,21,43),(96,57,2,12,45,85),(97,56,2,33,29,62),(98,55,2,2,8,20),(99,54,2,28,24,64),(100,53,2,16,41,12),(101,52,2,24,48,42),(102,51,2,13,53,48),(103,50,2,11,52,53),(104,49,2,27,35,76),(105,48,2,28,31,72),(106,47,2,36,50,71),(107,46,2,36,51,49),(108,45,2,13,21,85),(109,44,2,0,27,42),(110,43,2,14,0,3),(111,42,2,9,1,71),(112,41,2,13,57,74),(113,40,2,23,41,33),(114,39,2,32,33,17),(115,38,2,13,23,82),(116,37,2,27,9,64),(117,36,2,9,34,11),(118,35,2,39,33,83),(119,34,2,10,53,65),(120,33,2,10,18,36),(121,32,2,39,36,51),(122,31,2,21,20,27),(123,30,2,30,29,48),(124,29,2,23,59,42),(125,28,2,33,13,52),(126,27,2,16,39,16),(127,26,2,6,0,82),(128,25,2,0,9,44),(129,24,2,39,8,59),(130,23,2,0,40,36),(131,22,2,10,59,51),(132,21,2,15,38,45),(133,20,2,19,3,55),(134,19,2,36,33,25),(135,18,2,2,4,35),(136,17,2,2,52,59),(137,16,2,9,28,73),(138,15,2,39,27,44),(139,14,2,14,21,36),(140,13,2,37,5,40),(141,12,2,39,9,40),(142,11,2,22,33,6),(143,10,2,28,25,49),(144,9,2,40,30,32),(145,8,2,13,7,71),(146,7,2,36,13,44),(147,6,2,40,36,25),(148,5,2,35,8,63),(149,4,2,29,38,40),(150,3,2,4,30,39),(151,2,2,39,13,37),(152,1,2,28,2,42),(153,77,3,22,59,12),(154,75,3,31,35,46),(155,74,3,36,22,11),(156,73,3,21,32,43),(157,72,3,10,11,33),(158,71,3,20,17,87),(159,70,3,10,50,35),(160,69,3,26,14,26),(161,68,3,38,47,61),(162,67,3,28,36,70),(163,66,3,10,35,51),(164,65,3,22,28,30),(165,64,3,4,25,76),(166,63,3,9,0,58),(167,62,3,23,39,66),(168,61,3,3,14,89),(169,60,3,23,19,53),(170,59,3,39,57,34),(171,58,3,39,37,9),(172,57,3,28,22,61),(173,56,3,20,54,55),(174,55,3,12,45,89),(175,54,3,3,39,42),(176,53,3,8,55,44),(177,52,3,20,18,7),(178,51,3,25,42,39),(179,50,3,1,33,57),(180,49,3,31,12,35),(181,48,3,9,51,34),(182,47,3,16,21,73),(183,46,3,16,30,16),(184,45,3,17,53,59),(185,44,3,8,21,46),(186,43,3,36,27,51),(187,42,3,27,60,68),(188,41,3,39,14,44),(189,40,3,3,41,65),(190,39,3,5,50,38),(191,38,3,25,35,38),(192,37,3,32,7,11),(193,36,3,8,1,46),(194,35,3,27,1,34),(195,34,3,7,22,50),(196,33,3,38,53,35),(197,32,3,13,2,68),(198,31,3,8,4,64),(199,30,3,24,15,65),(200,29,3,8,49,72),(201,28,3,39,12,10),(202,27,3,2,59,71),(203,26,3,13,31,64),(204,25,3,10,24,64),(205,24,3,35,35,67),(206,23,3,19,44,50),(207,22,3,1,3,45),(208,21,3,30,50,88),(209,20,3,31,13,52),(210,19,3,12,27,46),(211,18,3,17,38,60),(212,17,3,19,8,12),(213,16,3,11,17,34),(214,15,3,0,36,39),(215,14,3,6,47,62),(216,13,3,18,4,84),(217,12,3,28,13,40),(218,11,3,0,6,33),(219,10,3,24,22,90),(220,9,3,8,33,60),(221,8,3,11,41,56),(222,7,3,12,48,56),(223,6,3,12,49,20),(224,5,3,35,33,8),(225,4,3,35,11,25),(226,3,3,35,44,16),(227,2,3,36,45,3),(228,1,3,39,48,59),(229,45,4,19,38,54),(230,44,4,10,57,85),(231,43,4,9,45,51),(232,42,4,6,16,71),(233,41,4,11,42,85),(234,40,4,4,34,73),(235,39,4,31,13,58),(236,38,4,27,4,61),(237,37,4,21,21,8),(238,36,4,15,53,47),(239,35,4,12,42,76),(240,34,4,20,54,55),(241,33,4,14,58,79),(242,32,4,33,42,59),(243,31,4,34,17,79),(244,23,4,31,46,32),(245,22,4,21,58,44),(246,21,4,36,45,10),(247,20,4,19,59,30),(248,19,4,34,34,61),(249,18,4,6,23,66),(250,17,4,40,24,2),(251,16,4,40,54,56),(252,15,4,32,2,33),(253,14,4,24,56,61),(254,13,4,29,17,41),(255,12,4,26,46,43),(256,11,4,38,20,47),(257,10,4,23,15,64),(258,9,4,5,28,65),(259,8,4,10,1,49),(260,7,4,0,15,28),(261,6,4,1,11,58),(262,5,4,30,28,14),(263,4,4,21,3,55),(264,3,4,40,41,23),(265,2,4,9,51,28),(266,1,4,1,48,37),(267,77,5,19,20,18),(268,75,5,2,50,67),(269,74,5,12,6,33),(270,73,5,15,37,99),(271,72,5,3,23,54),(272,71,5,37,19,50),(273,70,5,32,10,74),(274,69,5,4,48,27),(275,68,5,39,50,43),(276,67,5,11,42,82),(277,66,5,39,59,92),(278,65,5,19,46,53),(279,64,5,1,15,7),(280,63,5,27,14,27),(281,62,5,40,60,2),(282,61,5,8,55,88),(283,60,5,19,54,59),(284,59,5,25,8,83),(285,58,5,20,5,66),(286,57,5,20,8,28),(287,56,5,15,44,62),(288,55,5,22,50,60),(289,54,5,10,9,66),(290,53,5,9,53,78),(291,52,5,2,51,37),(292,51,5,37,49,69),(293,50,5,40,1,55),(294,49,5,17,46,54),(295,48,5,37,60,26),(296,47,5,25,16,60),(297,46,5,34,11,58),(298,45,5,40,58,39),(299,44,5,10,52,34),(300,43,5,13,3,33),(301,42,5,35,17,54),(302,41,5,5,43,46),(303,40,5,32,0,38),(304,39,5,2,44,73),(305,38,5,16,10,76),(306,37,5,2,51,39),(307,36,5,3,29,42),(308,35,5,8,21,41),(309,34,5,25,16,53),(310,33,5,17,28,50),(311,32,5,37,10,53),(312,31,5,0,34,49),(313,30,5,0,10,84),(314,29,5,18,53,58),(315,28,5,22,51,33),(316,27,5,14,9,35),(317,26,5,17,48,30),(318,25,5,7,48,55),(319,24,5,40,0,36),(320,23,5,12,60,93),(321,22,5,24,14,48),(322,21,5,7,21,28),(323,20,5,25,13,52),(324,19,5,24,60,47),(325,18,5,1,9,72),(326,17,5,36,12,71),(327,16,5,36,35,34),(328,15,5,16,46,67),(329,14,5,30,37,47),(330,13,5,31,7,24),(331,12,5,2,39,39),(332,11,5,24,17,26),(333,10,5,23,41,52),(334,9,5,39,33,84),(335,8,5,13,16,70),(336,7,5,23,2,61),(337,6,5,23,57,98),(338,5,5,40,0,32),(339,4,5,0,42,75),(340,3,5,25,12,13),(341,2,5,8,36,30),(342,1,5,40,15,51),(343,77,6,19,24,61),(344,75,6,19,31,59),(345,74,6,15,8,38),(346,73,6,28,45,67),(347,72,6,31,45,75),(348,71,6,17,16,48),(349,70,6,12,22,60),(350,69,6,13,28,17),(351,68,6,24,40,58),(352,67,6,20,37,48),(353,66,6,38,32,75),(354,65,6,34,8,50),(355,64,6,30,40,30),(356,63,6,40,37,39),(357,62,6,29,51,35),(358,61,6,34,30,55),(359,60,6,19,33,25),(360,59,6,31,18,22),(361,58,6,16,24,75),(362,57,6,7,49,79),(363,56,6,21,38,80),(364,55,6,2,24,43),(365,54,6,3,58,30),(366,53,6,29,15,6),(367,52,6,22,43,63),(368,51,6,18,57,72),(369,50,6,28,37,43),(370,49,6,15,41,28),(371,48,6,30,47,78),(372,47,6,16,28,19),(373,46,6,33,22,59),(374,30,6,23,42,56),(375,29,6,8,39,29),(376,28,6,27,1,43),(377,27,6,30,50,44),(378,26,6,34,49,42),(379,25,6,1,10,37),(380,24,6,21,8,31),(381,77,7,25,48,31),(382,75,7,24,42,68),(383,74,7,37,38,32),(384,73,7,39,5,41),(385,72,7,4,32,23),(386,71,7,30,17,56),(387,70,7,33,36,63),(388,69,7,2,8,32),(389,68,7,15,19,43),(390,67,7,24,45,64),(391,66,7,16,40,47),(392,65,7,3,21,33),(393,64,7,36,42,92),(394,63,7,17,14,90),(395,62,7,26,33,68),(396,61,7,11,44,83),(397,60,7,31,16,50),(398,59,7,19,7,23),(399,58,7,3,35,57),(400,57,7,23,23,58),(401,56,7,21,10,63),(402,55,7,19,50,80),(403,54,7,16,24,68),(404,53,7,32,6,28),(405,52,7,20,20,68),(406,51,7,14,45,47),(407,50,7,17,9,38),(408,49,7,29,45,75),(409,48,7,13,5,38),(410,47,7,35,27,37),(411,46,7,27,55,74),(412,30,7,32,24,72),(413,29,7,7,30,52),(414,28,7,14,2,53),(415,27,7,12,9,48),(416,26,7,2,48,66),(417,25,7,18,33,40),(418,24,7,30,32,42),(419,77,8,40,39,29),(420,75,8,34,13,48),(421,74,8,5,27,90),(422,73,8,3,37,63),(423,72,8,30,18,49),(424,71,8,5,50,35),(425,70,8,15,33,62),(426,69,8,1,26,48),(427,68,8,38,16,72),(428,67,8,25,33,92),(429,66,8,32,17,10),(430,65,8,34,45,40),(431,64,8,14,7,27),(432,63,8,4,13,34),(433,62,8,6,31,17),(434,61,8,20,53,39),(435,60,8,12,27,44),(436,59,8,11,0,57),(437,58,8,27,48,38),(438,57,8,5,48,44),(439,56,8,7,51,67),(440,55,8,20,26,40),(441,54,8,37,60,15),(442,53,8,34,57,60),(443,52,8,3,45,78),(444,51,8,26,12,10),(445,50,8,0,48,45),(446,49,8,1,45,65),(447,48,8,31,41,47),(448,47,8,40,55,23),(449,46,8,20,27,37),(450,30,8,28,58,87),(451,29,8,14,60,74),(452,28,8,12,42,71),(453,27,8,9,46,14),(454,26,8,28,55,55),(455,25,8,24,12,29),(456,24,8,11,16,68),(457,77,9,12,15,72),(458,75,9,29,45,67),(459,74,9,32,47,39),(460,73,9,39,54,30),(461,72,9,40,32,31),(462,71,9,40,50,31),(463,70,9,19,9,32),(464,69,9,19,30,44),(465,68,9,18,6,41),(466,67,9,11,45,36),(467,66,9,25,2,41),(468,65,9,16,38,73),(469,64,9,15,3,35),(470,63,9,3,54,38),(471,62,9,29,11,54),(472,61,9,19,13,88),(473,60,9,28,30,63),(474,59,9,15,39,38),(475,58,9,21,57,54),(476,57,9,27,56,37),(477,56,9,13,60,85),(478,55,9,1,50,44),(479,54,9,19,11,79),(480,53,9,15,57,32),(481,52,9,37,7,35),(482,51,9,18,12,64),(483,50,9,8,7,77),(484,49,9,4,43,16),(485,48,9,32,38,33),(486,47,9,30,43,28),(487,46,9,23,1,77),(488,30,9,29,36,71),(489,29,9,10,35,50),(490,28,9,21,20,38),(491,27,9,19,44,43),(492,26,9,24,7,78),(493,25,9,10,6,44),(494,24,9,6,2,50),(495,77,10,30,40,28),(496,75,10,33,51,44),(497,74,10,37,55,40),(498,73,10,18,47,39),(499,72,10,39,56,77),(500,71,10,33,41,95),(501,70,10,24,14,39),(502,69,10,23,49,25),(503,68,10,0,28,71),(504,67,10,5,40,80),(505,66,10,27,17,24),(506,65,10,20,4,35),(507,64,10,25,59,21),(508,63,10,18,20,42),(509,62,10,24,26,72),(510,61,10,6,5,72),(511,60,10,35,39,49),(512,59,10,36,17,91),(513,58,10,27,23,62),(514,57,10,13,24,53),(515,56,10,13,0,19),(516,55,10,10,27,73),(517,54,10,7,11,41),(518,53,10,37,21,86),(519,52,10,0,45,40),(520,51,10,38,8,83),(521,50,10,22,15,60),(522,49,10,29,58,53),(523,48,10,8,44,60),(524,47,10,32,1,70),(525,46,10,4,29,22),(526,45,10,36,41,50),(527,44,10,35,10,55),(528,43,10,39,38,27),(529,42,10,32,4,76),(530,41,10,7,2,51),(531,40,10,33,57,44),(532,39,10,38,59,38),(533,38,10,21,56,39),(534,37,10,31,2,56),(535,36,10,40,58,44),(536,35,10,20,57,18),(537,34,10,11,55,67),(538,33,10,10,20,58),(539,32,10,11,14,15),(540,31,10,2,17,27),(541,30,10,34,17,82),(542,29,10,38,29,46),(543,28,10,8,56,42),(544,27,10,16,51,29),(545,26,10,17,40,4),(546,25,10,15,39,36),(547,24,10,17,28,7),(548,23,10,1,0,77),(549,22,10,17,11,77),(550,21,10,3,57,37),(551,20,10,16,2,81),(552,19,10,23,49,33),(553,18,10,22,45,26),(554,17,10,17,3,59),(555,16,10,28,38,25),(556,15,10,30,36,79),(557,14,10,38,17,24),(558,13,10,15,53,28),(559,12,10,7,49,41),(560,11,10,39,49,41),(561,10,10,5,2,78),(562,9,10,21,19,13),(563,8,10,37,56,90),(564,7,10,22,6,44),(565,6,10,0,40,29),(566,5,10,34,16,43),(567,4,10,21,4,82),(568,3,10,24,37,37),(569,2,10,20,7,13),(570,1,10,18,49,85),(571,77,11,30,51,32),(572,75,11,24,23,32),(573,74,11,39,22,55),(574,73,11,21,51,30),(575,72,11,40,54,68),(576,71,11,19,58,26),(577,70,11,24,32,76),(578,69,11,33,4,59),(579,68,11,4,23,75),(580,67,11,18,44,30),(581,66,11,25,10,35),(582,65,11,35,35,57),(583,64,11,33,52,71),(584,63,11,23,59,65),(585,62,11,11,30,83),(586,61,11,20,45,17),(587,60,11,30,23,38),(588,59,11,39,16,35),(589,58,11,10,21,92),(590,57,11,15,16,30),(591,56,11,3,20,31),(592,55,11,30,3,1),(593,54,11,38,43,51),(594,53,11,34,1,80),(595,52,11,33,20,23),(596,51,11,13,59,83),(597,50,11,38,28,34),(598,49,11,20,49,44),(599,48,11,5,38,82),(600,47,11,0,32,55),(601,46,11,27,49,50),(602,45,11,37,10,64),(603,44,11,27,19,41),(604,43,11,13,55,22),(605,42,11,16,60,83),(606,41,11,40,21,90),(607,40,11,16,9,49),(608,39,11,15,40,48),(609,38,11,5,30,6),(610,37,11,37,28,44),(611,36,11,7,46,26),(612,35,11,10,37,52),(613,34,11,16,1,62),(614,33,11,20,8,44),(615,32,11,16,14,49),(616,31,11,35,49,28),(617,30,11,4,7,15),(618,29,11,20,20,47),(619,28,11,1,9,77),(620,27,11,5,10,77),(621,26,11,10,23,63),(622,25,11,36,41,73),(623,24,11,11,19,79),(624,23,11,31,25,75),(625,22,11,8,51,69),(626,21,11,26,1,11),(627,20,11,21,29,76),(628,19,11,3,14,54),(629,18,11,7,14,58),(630,17,11,29,1,69),(631,16,11,37,60,9),(632,15,11,20,26,31),(633,14,11,13,25,19),(634,13,11,39,2,34),(635,12,11,40,48,44),(636,11,11,23,41,51),(637,10,11,36,18,50),(638,9,11,33,16,82),(639,8,11,0,52,49),(640,7,11,19,28,45),(641,6,11,39,24,34),(642,5,11,39,24,31),(643,4,11,30,29,34),(644,3,11,28,10,40),(645,2,11,25,40,73),(646,1,11,27,27,69),(647,77,12,1,19,46),(648,75,12,33,44,61),(649,74,12,29,59,74),(650,73,12,18,4,57),(651,72,12,22,56,51),(652,71,12,40,19,48),(653,70,12,31,49,46),(654,69,12,5,52,81),(655,68,12,9,54,86),(656,67,12,21,49,75),(657,66,12,9,25,45),(658,65,12,21,4,75),(659,64,12,7,46,15),(660,63,12,22,35,31),(661,62,12,6,41,86),(662,61,12,0,43,58),(663,60,12,15,2,22),(664,59,12,12,34,96),(665,58,12,40,4,65),(666,57,12,34,43,28),(667,56,12,27,8,38),(668,55,12,25,38,50),(669,54,12,10,21,96),(670,53,12,27,31,51),(671,52,12,19,3,88),(672,51,12,2,39,18),(673,50,12,10,27,25),(674,49,12,39,36,40),(675,48,12,32,7,67),(676,47,12,38,51,55),(677,46,12,33,16,56),(678,45,12,14,39,56),(679,44,12,28,57,64),(680,43,12,38,54,64),(681,42,12,4,43,15),(682,41,12,28,15,59),(683,40,12,3,43,47),(684,39,12,31,12,72),(685,38,12,29,23,71),(686,37,12,2,15,46),(687,36,12,11,16,64),(688,35,12,5,28,47),(689,34,12,4,5,21),(690,33,12,3,31,40),(691,32,12,34,60,29),(692,31,12,29,0,52),(693,30,12,34,24,22),(694,29,12,40,44,47),(695,28,12,20,31,61),(696,27,12,16,13,86),(697,26,12,17,43,68),(698,25,12,9,13,43),(699,24,12,37,16,34),(700,23,12,2,51,29),(701,22,12,16,31,54),(702,21,12,30,52,60),(703,20,12,13,55,73),(704,19,12,29,2,14),(705,18,12,33,29,69),(706,17,12,18,49,32),(707,16,12,11,9,52),(708,15,12,16,15,50),(709,14,12,20,13,39),(710,13,12,23,1,16),(711,12,12,33,3,84),(712,11,12,37,1,54),(713,10,12,12,31,71),(714,9,12,30,32,47),(715,8,12,10,44,55),(716,7,12,36,30,67),(717,6,12,16,21,57),(718,5,12,16,13,82),(719,4,12,5,27,78),(720,3,12,12,13,35),(721,2,12,22,23,41),(722,1,12,14,20,26),(723,45,13,16,53,13),(724,44,13,8,39,40),(725,43,13,10,35,61),(726,42,13,9,21,27),(727,41,13,29,21,29),(728,40,13,19,8,12),(729,39,13,10,12,53),(730,38,13,32,48,69),(731,37,13,30,33,72),(732,36,13,31,17,61),(733,35,13,2,37,65),(734,34,13,37,2,27),(735,33,13,18,46,74),(736,32,13,13,52,71),(737,31,13,37,41,44),(738,23,13,17,14,43),(739,22,13,20,13,51),(740,21,13,14,27,53),(741,20,13,0,50,10),(742,19,13,6,30,33),(743,18,13,29,57,83),(744,17,13,10,20,56),(745,16,13,7,53,55),(746,15,13,20,19,38),(747,14,13,22,59,40),(748,13,13,23,22,48),(749,12,13,40,54,67),(750,11,13,17,49,52),(751,10,13,20,25,64),(752,9,13,26,14,20),(753,8,13,24,17,41),(754,7,13,18,29,47),(755,6,13,29,18,72),(756,5,13,25,15,31),(757,4,13,3,37,65),(758,3,13,36,58,43),(759,2,13,38,43,83),(760,1,13,32,27,40),(761,45,14,29,20,59),(762,44,14,23,60,9),(763,43,14,22,42,34),(764,42,14,27,18,46),(765,41,14,33,46,35),(766,40,14,36,19,73),(767,39,14,11,38,50),(768,38,14,10,20,80),(769,37,14,27,13,6),(770,36,14,28,22,90),(771,35,14,11,32,83),(772,34,14,9,49,43),(773,33,14,8,37,53),(774,32,14,15,13,98),(775,31,14,7,57,11),(776,23,14,32,47,34),(777,22,14,22,7,67),(778,21,14,18,50,58),(779,20,14,35,57,6),(780,19,14,22,40,67),(781,18,14,39,57,42),(782,17,14,18,47,35),(783,16,14,27,41,48),(784,15,14,38,56,65),(785,14,14,37,2,49),(786,13,14,30,19,68),(787,12,14,12,53,64),(788,11,14,13,24,60),(789,10,14,31,58,36),(790,9,14,11,30,56),(791,8,14,34,40,70),(792,7,14,9,7,55),(793,6,14,24,8,42),(794,5,14,32,39,59),(795,4,14,16,51,65),(796,3,14,5,25,41),(797,2,14,40,17,57),(798,1,14,22,59,67),(799,45,16,17,7,44),(800,44,16,11,60,35),(801,43,16,12,0,22),(802,42,16,20,28,92),(803,41,16,5,47,33),(804,40,16,22,6,40),(805,39,16,31,35,45),(806,38,16,34,13,35),(807,37,16,10,45,55),(808,36,16,33,10,41),(809,35,16,1,50,57),(810,34,16,8,24,61),(811,33,16,22,29,61),(812,32,16,2,52,64),(813,31,16,23,59,37),(814,23,16,22,0,76),(815,22,16,29,42,23),(816,21,16,14,6,75),(817,20,16,15,3,36),(818,19,16,8,26,62),(819,18,16,16,8,68),(820,17,16,32,32,41),(821,16,16,39,16,37),(822,15,16,15,53,43),(823,14,16,6,1,54),(824,13,16,2,58,42),(825,12,16,22,52,62),(826,11,16,6,55,52),(827,10,16,28,1,22),(828,9,16,13,43,62),(829,8,16,26,13,10),(830,7,16,40,43,70),(831,6,16,6,26,46),(832,5,16,10,29,54),(833,4,16,31,19,53),(834,3,16,13,41,17),(835,2,16,34,10,28),(836,1,16,4,53,41),(837,77,17,3,29,22),(838,75,17,39,58,89),(839,74,17,16,25,50),(840,73,17,21,51,30),(841,72,17,38,41,66),(842,71,17,39,39,53),(843,70,17,15,52,26),(844,69,17,1,14,47),(845,68,17,15,40,9),(846,67,17,19,22,72),(847,66,17,17,20,75),(848,65,17,27,23,85),(849,64,17,30,32,54),(850,63,17,28,40,9),(851,62,17,21,32,65),(852,61,17,25,8,67),(853,60,17,20,48,76),(854,59,17,12,44,54),(855,58,17,37,19,50),(856,57,17,32,11,32),(857,56,17,10,44,60),(858,55,17,7,42,91),(859,54,17,10,44,54),(860,53,17,32,5,2),(861,52,17,36,26,31),(862,51,17,16,31,15),(863,50,17,12,23,83),(864,49,17,30,31,17),(865,48,17,15,42,57),(866,47,17,20,19,34),(867,46,17,13,7,58),(868,30,17,3,46,33),(869,29,17,23,15,82),(870,28,17,11,25,18),(871,27,17,31,31,45),(872,26,17,13,49,8),(873,25,17,2,4,56),(874,24,17,16,34,50),(875,77,18,10,1,58),(876,75,18,23,37,24),(877,74,18,21,9,44),(878,73,18,14,57,69),(879,72,18,12,28,63),(880,71,18,19,9,25),(881,70,18,0,29,28),(882,69,18,11,40,33),(883,68,18,37,50,52),(884,67,18,26,27,32),(885,66,18,25,8,86),(886,65,18,27,47,44),(887,64,18,0,42,74),(888,63,18,22,52,81),(889,62,18,11,49,37),(890,61,18,38,12,40),(891,60,18,37,58,44),(892,59,18,40,57,33),(893,58,18,36,20,89),(894,57,18,9,40,28),(895,56,18,23,35,39),(896,55,18,26,47,63),(897,54,18,10,0,38),(898,53,18,12,12,56),(899,52,18,4,53,43),(900,51,18,10,13,14),(901,50,18,4,31,36),(902,49,18,31,25,77),(903,48,18,12,15,25),(904,47,18,28,56,80),(905,46,18,8,4,79),(906,45,18,21,14,48),(907,44,18,1,5,39),(908,43,18,4,13,50),(909,42,18,5,49,71),(910,41,18,32,45,34),(911,40,18,36,19,95),(912,39,18,24,17,34),(913,38,18,1,42,61),(914,37,18,28,13,24),(915,36,18,40,41,45),(916,35,18,25,50,65),(917,34,18,27,37,29),(918,33,18,4,9,67),(919,32,18,27,58,82),(920,31,18,3,53,57),(921,30,18,1,38,7),(922,29,18,25,43,50),(923,28,18,31,46,78),(924,27,18,25,9,87),(925,26,18,28,52,50),(926,25,18,24,57,83),(927,24,18,3,9,24),(928,23,18,33,52,90),(929,22,18,32,18,50),(930,21,18,14,29,42),(931,20,18,5,19,56),(932,19,18,27,50,22),(933,18,18,37,46,61),(934,17,18,28,34,39),(935,16,18,15,29,61),(936,15,18,19,50,84),(937,14,18,27,34,47),(938,13,18,36,43,44),(939,12,18,8,36,15),(940,11,18,0,0,0),(941,10,18,1,8,63),(942,9,18,14,49,43),(943,8,18,17,2,68),(944,7,18,30,10,61),(945,6,18,6,60,43),(946,5,18,22,35,44),(947,4,18,0,24,70),(948,3,18,34,39,51),(949,2,18,0,55,46),(950,1,18,3,1,49),(951,77,21,25,19,92),(952,75,21,24,2,62),(953,74,21,32,33,44),(954,73,21,39,27,50),(955,72,21,30,57,65),(956,71,21,5,30,62),(957,70,21,22,51,51),(958,69,21,17,47,82),(959,68,21,27,32,71),(960,67,21,27,9,58),(961,66,21,32,44,69),(962,65,21,9,10,39),(963,64,21,38,9,55),(964,63,21,24,9,52),(965,62,21,14,3,67),(966,61,21,4,38,69),(967,60,21,2,39,16),(968,59,21,5,58,72),(969,58,21,28,33,75),(970,57,21,35,58,17),(971,56,21,5,15,73),(972,55,21,17,20,63),(973,54,21,38,16,65),(974,53,21,9,58,25),(975,52,21,32,51,64),(976,51,21,5,11,68),(977,50,21,26,46,57),(978,49,21,34,17,64),(979,48,21,34,41,76),(980,47,21,15,58,60),(981,46,21,24,24,68),(982,30,21,5,47,26),(983,29,21,1,52,45),(984,28,21,11,38,45),(985,27,21,37,56,66),(986,26,21,0,27,16),(987,25,21,22,30,83),(988,24,21,16,37,72),(989,77,22,11,40,35),(990,75,22,3,35,54),(991,74,22,17,40,35),(992,73,22,10,42,69),(993,72,22,1,9,42),(994,71,22,32,21,17),(995,70,22,32,57,53),(996,69,22,21,35,58),(997,68,22,37,19,38),(998,67,22,0,50,7),(999,66,22,38,33,85),(1000,65,22,16,35,72),(1001,64,22,22,32,27),(1002,63,22,9,50,63),(1003,62,22,16,45,49),(1004,61,22,25,47,54),(1005,60,22,9,31,94),(1006,59,22,2,30,58),(1007,58,22,8,37,56),(1008,57,22,22,54,63),(1009,56,22,38,15,46),(1010,55,22,0,41,57),(1011,54,22,21,31,64),(1012,53,22,0,50,24),(1013,52,22,40,6,34),(1014,51,22,26,30,48),(1015,50,22,13,25,25),(1016,49,22,13,39,26),(1017,48,22,25,21,39),(1018,47,22,1,51,21),(1019,46,22,33,18,27),(1020,30,22,35,4,65),(1021,29,22,25,23,15),(1022,28,22,31,15,50),(1023,27,22,37,60,34),(1024,26,22,3,18,36),(1025,25,22,12,17,58),(1026,24,22,27,27,52),(1027,77,24,0,55,60),(1028,75,24,38,40,58),(1029,74,24,21,47,26),(1030,73,24,9,27,46),(1031,72,24,13,28,27),(1032,71,24,8,21,42),(1033,70,24,26,24,61),(1034,69,24,34,13,36),(1035,68,24,16,20,38),(1036,67,24,8,6,52),(1037,66,24,20,43,23),(1038,65,24,15,56,44),(1039,64,24,36,7,57),(1040,63,24,32,60,72),(1041,62,24,20,1,74),(1042,61,24,20,59,66),(1043,60,24,10,42,64),(1044,59,24,24,16,41),(1045,58,24,19,32,52),(1046,57,24,29,30,17),(1047,56,24,19,9,22),(1048,55,24,32,32,61),(1049,54,24,11,58,74),(1050,53,24,19,26,65),(1051,52,24,19,44,57),(1052,51,24,18,52,91),(1053,50,24,34,31,52),(1054,49,24,32,34,38),(1055,48,24,24,57,63),(1056,47,24,31,29,63),(1057,46,24,28,33,46),(1058,30,24,2,9,72),(1059,29,24,36,5,92),(1060,28,24,8,14,67),(1061,27,24,18,52,49),(1062,26,24,2,49,74),(1063,25,24,39,43,51),(1064,24,24,32,51,69),(1065,77,25,20,44,32),(1066,75,25,35,59,33),(1067,74,25,4,27,56),(1068,73,25,27,31,20),(1069,72,25,21,37,52),(1070,71,25,11,50,55),(1071,70,25,0,52,43),(1072,69,25,5,1,46),(1073,68,25,24,59,46),(1074,67,25,1,11,51),(1075,66,25,13,38,7),(1076,65,25,20,25,29),(1077,64,25,9,1,72),(1078,63,25,17,21,44),(1079,62,25,20,20,53),(1080,61,25,16,43,57),(1081,60,25,14,39,12),(1082,59,25,31,35,53),(1083,58,25,14,26,9),(1084,57,25,11,4,45),(1085,56,25,17,58,66),(1086,55,25,4,21,22),(1087,54,25,7,35,22),(1088,53,25,20,7,22),(1089,52,25,2,26,46),(1090,51,25,31,32,19),(1091,50,25,22,26,33),(1092,49,25,25,26,24),(1093,48,25,5,5,58),(1094,47,25,22,59,19),(1095,46,25,9,34,20),(1096,30,25,21,0,37),(1097,29,25,4,35,54),(1098,28,25,15,29,15),(1099,27,25,15,44,38),(1100,26,25,2,20,48),(1101,25,25,36,1,39),(1102,24,25,8,1,40);
/*!40000 ALTER TABLE `results` ENABLE KEYS */;
UNLOCK TABLES;

--
-- Table structure for table `students`
--

DROP TABLE IF EXISTS `students`;
/*!40101 SET @saved_cs_client     = @@character_set_client */;
/*!50503 SET character_set_client = utf8mb4 */;
CREATE TABLE `students` (
  `student_id` int NOT NULL AUTO_INCREMENT,
  `student_name` varchar(100) DEFAULT NULL,
  `gender` varchar(10) DEFAULT NULL,
  `class_name` varchar(15) DEFAULT NULL,
  PRIMARY KEY (`student_id`)
) ENGINE=InnoDB AUTO_INCREMENT=78 DEFAULT CHARSET=utf8mb4 COLLATE=utf8mb4_0900_ai_ci;
/*!40101 SET character_set_client = @saved_cs_client */;

--
-- Dumping data for table `students`
--

LOCK TABLES `students` WRITE;
/*!40000 ALTER TABLE `students` DISABLE KEYS */;
INSERT INTO `students` VALUES (1,'Okikilola Adeboju','Female','Jss1 peace'),(2,'Boluwatife Adeosun','Male','Jss1 peace'),(3,'Daniel Akinnuoye','Male','Jss1 peace'),(4,'Nicole Animashaun','Female','Jss1 peace'),(5,'Oluwadamilola Asaolu','Male','Jss1 peace'),(6,'Precious Ayodele','Female','Jss1 peace'),(7,'Oluwasindara Balogun','Female','Jss1 peace'),(8,'Obaloluwa Igbekele','Male','Jss1 peace'),(9,'Iyioluwa Ilepe','Male','Jss1 peace'),(10,'Evangelist Ogunsusi','Male','Jss1 peace'),(11,'Feyisola Olusola','Male','Jss1 peace'),(12,'Perfect Opeyemi','Female','Jss1 peace'),(13,'Ariella Osakwe','Female','Jss1 peace'),(14,'Moyinoluwa Shofela','Female','Jss1 peace'),(15,'Irene Joseph','Female','Jss2 peace'),(16,'Joel Awe','Male','Jss2 peace'),(17,'Luke Ayo','Male','Jss2 peace'),(18,'Simi Tomiwa','Female','Jss2 peace'),(19,'Oghenetejiri Jude','Female','Jss2 peace'),(20,'Simon Chibuzor','Male','Jss2 peace'),(21,'Alamin Ola','Male','Jss2 peace'),(22,'Oke Eduwa','Female','Jss2 peace'),(23,'Japheth Tayo','Male','Jss2 peace'),(24,'chrisella Uyo','Female','Ss2 peace'),(25,'Brian Uyo','Male','Ss2 peace'),(26,'Ayo Damian','Male','Ss2 peace'),(27,'Divine Kelvin','Female','Ss2 peace'),(28,'Godwin Ukeme','Male','Ss2 peace'),(29,'Eric Ofou','Male','Ss2 peace'),(30,'Emmanuella Peter','Male','Ss2 peace'),(31,'David Adebayo','Male','Jss3 peace'),(32,'Mary Johnson','Female','Jss3 peace'),(33,'Samuel Okoro','Male','Jss3 peace'),(34,'Grace Bello','Female','Jss3 peace'),(35,'Daniel Adekunle','Male','Jss3 peace'),(36,'Precious Eze','Female','Jss3 peace'),(37,'Victor Oladipo','Male','Jss3 peace'),(38,'Joy Chukwu','Female','Jss3 peace'),(39,'Emmanuel Yusuf','Male','Jss3 peace'),(40,'Mercy Ibrahim','Female','Jss3 peace'),(41,'Isaac Peters','Male','Jss3 peace'),(42,'Faith Adeniyi','Female','Jss3 peace'),(43,'Kelvin Obi','Male','Jss3 peace'),(44,'Ruth Salami','Female','Jss3 peace'),(45,'Michael Ajayi','Male','Jss3 peace'),(46,'John Adewale','Male','Ss1 peace'),(47,'Blessing Umeh','Female','Ss1 peace'),(48,'Paul Daniels','Male','Ss1 peace'),(49,'Esther Ojo','Female','Ss1 peace'),(50,'Henry Okafor','Male','Ss1 peace'),(51,'Patience Musa','Female','Ss1 peace'),(52,'Joseph Akin','Male','Ss1 peace'),(53,'Deborah Nnamdi','Female','Ss1 peace'),(54,'Elijah Sule','Male','Ss1 peace'),(55,'Comfort Lawal','Female','Ss1 peace'),(56,'Nathan Chinedu','Male','Ss1 peace'),(57,'Linda George','Female','Ss1 peace'),(58,'Timothy Hassan','Male','Ss1 peace'),(59,'Sarah Balogun','Female','Ss1 peace'),(60,'Benjamin Eze','Male','Ss1 peace'),(61,'Andrew Cole','Male','Ss3 peace'),(62,'Jessica Adams','Female','Ss3 peace'),(63,'Christopher Obi','Male','Ss3 peace'),(64,'Sophia Ahmed','Female','Ss3 peace'),(65,'Matthew Olusegun','Male','Ss3 peace'),(66,'Vivian Okeke','Female','Ss3 peace'),(67,'Stephen Bello','Male','Ss3 peace'),(68,'Olivia Yakubu','Female','Ss3 peace'),(69,'Joshua Mensah','Male','Ss3 peace'),(70,'Hannah Udo','Female','Ss3 peace'),(71,'Daniel Nwosu','Male','Ss3 peace'),(72,'Rebecca Afolabi','Female','Ss3 peace'),(73,'Isaiah Aliyu','Male','Ss3 peace'),(74,'Naomi Etim','Female','Ss3 peace'),(75,'Caleb Adeyemi','Male','Ss3 peace'),(77,'Festus Etim','Male','Ss2 peace');
/*!40000 ALTER TABLE `students` ENABLE KEYS */;
UNLOCK TABLES;

--
-- Table structure for table `subjects`
--

DROP TABLE IF EXISTS `subjects`;
/*!40101 SET @saved_cs_client     = @@character_set_client */;
/*!50503 SET character_set_client = utf8mb4 */;
CREATE TABLE `subjects` (
  `subject_id` int NOT NULL AUTO_INCREMENT,
  `subject_name` varchar(50) DEFAULT NULL,
  PRIMARY KEY (`subject_id`)
) ENGINE=InnoDB AUTO_INCREMENT=27 DEFAULT CHARSET=utf8mb4 COLLATE=utf8mb4_0900_ai_ci;
/*!40101 SET character_set_client = @saved_cs_client */;

--
-- Dumping data for table `subjects`
--

LOCK TABLES `subjects` WRITE;
/*!40000 ALTER TABLE `subjects` DISABLE KEYS */;
INSERT INTO `subjects` VALUES (1,'Mathematics'),(2,'English Language'),(3,'Data Processing'),(4,'French'),(5,'Horticulture and Crop Production'),(6,'Biology'),(7,'Physics'),(8,'Government'),(9,'Literature'),(10,'Christain Religious Studies'),(11,'History'),(12,'Civics'),(13,'Basic Science'),(14,'Basic Technology'),(15,'Physical Health Education'),(16,'Social Studies'),(17,'Chemistry'),(18,'Business Studies'),(19,'Home Economics'),(20,'Cultural and Creative Arts'),(21,'Geography'),(22,'Economics'),(23,'Agricultural Science'),(24,'Further Maths'),(25,'Accounting'),(26,'Commerce');
/*!40000 ALTER TABLE `subjects` ENABLE KEYS */;
UNLOCK TABLES;
/*!40103 SET TIME_ZONE=@OLD_TIME_ZONE */;

/*!40101 SET SQL_MODE=@OLD_SQL_MODE */;
/*!40014 SET FOREIGN_KEY_CHECKS=@OLD_FOREIGN_KEY_CHECKS */;
/*!40014 SET UNIQUE_CHECKS=@OLD_UNIQUE_CHECKS */;
/*!40101 SET CHARACTER_SET_CLIENT=@OLD_CHARACTER_SET_CLIENT */;
/*!40101 SET CHARACTER_SET_RESULTS=@OLD_CHARACTER_SET_RESULTS */;
/*!40101 SET COLLATION_CONNECTION=@OLD_COLLATION_CONNECTION */;
/*!40111 SET SQL_NOTES=@OLD_SQL_NOTES */;

-- Dump completed on 2026-05-30 14:14:43
